{
    "$schema": "https://schema.management.azure.com/schemas/2019-04-01/deploymentTemplate.json#",
    "contentVersion": "1.0.0.0",
    "parameters": {
        "storageAccountName": {
            "type": "string",
            "minLength": 3,
            "maxLength": 24
        },
        "location": {
            "type": "string",
            "defaultValue": "[resourceGroup().location]"
        },
        "storageSKU": {
            "type": "string",
            "defaultValue": "Standard_LRS",
            "allowedValues": [
                "Standard_LRS",
                "Standard_GRS",
                "Standard_RAGRS",
                "Standard_ZRS",
                "Premium_LRS",
                "Premium_ZRS",
                "Standard_GZRS",
                "Standard_RAGZRS"
            ]
        },
        "containerName": {
            "type": "string",
            "defaultvalue": "consumptionlogs"
        },
        "keyVaultName": {
            "type": "string",
            "minLength": 3,
            "maxLength": 24
        },
        "tenantId": {
            "type": "string",
            "defaultValue": "[subscription().tenantId]"
        },
        "dataFactoryName": {
            "type": "string",
            "minLength": 3,
            "maxLength": 24
        },
        "sqlServerName": {
            "type": "string",
            "metadata": {
                "description": "The name of the SQL logical server."
            }
        },
        "sqladministratorLogin": {
            "type": "string",
            "metadata": {
                "description": "The administrator username of the SQL logical server."
            }
        },
        "sqladministratorLoginPassword": {
            "type": "securestring",
            "metadata": {
                "description": "The administrator password of the SQL logical server."
            }
        },
        "allowAzureIPs": {
            "defaultValue": true,
            "type": "bool",
            "metadata": {
                "description": "Allow Azure services to access server."
            }
        },
        "databaseName": {
            "type": "string"
        }
    },
    "variables": {
        "databaseEdition": "Basic",
        "databaseCollation": "SQL_Latin1_General_CP1_CI_AS",
        "databaseServiceObjectiveName": "Basic"
    },
    "resources": [
        {
            "type": "Microsoft.Storage/storageAccounts",
            "apiVersion": "2019-04-01",
            "name": "[parameters('storageAccountName')]",
            "location": "[parameters('location')]",
            "sku": {
                "name": "[parameters('storageSKU')]"
            },
            "kind": "StorageV2",
            "properties": {
                "accessTier": "Hot",
                "supportsHttpsTrafficOnly": true
            },
            "resources": [{
                "type": "blobServices/containers",
                "apiVersion": "2019-04-01",
                "name": "[concat('default/', parameters('containerName'))]",
                "dependsOn": [
                    "[parameters('storageAccountName')]"
                ]
            }]
        },
        {
            "type": "Microsoft.KeyVault/vaults",
            "apiVersion": "2016-10-01",
            "name": "[parameters('keyVaultName')]",
            "location": "[parameters('location')]",
            "properties": {
                "tenantId": "[parameters('tenantId')]",
                "sku": {
                    "family": "A",
                    "name": "standard"
                },
                "dependsOn": [
                    "[resourceId('Microsoft.DataFactory/factories/', parameters('dataFactoryName'))]"
                ],
                "accessPolicies": [
                    ]
            }
        },
        {
            "type": "Microsoft.DataFactory/factories",
            "name": "[parameters('dataFactoryName')]",
            "apiVersion": "2018-06-01",
            "location": "[parameters('location')]",
            "identity": {
                "type": "SystemAssigned"
            },
            "properties": {}
        },
        {
            "type": "Microsoft.Sql/servers",
            "name": "[parameters('sqlServerName')]",
            "apiVersion": "2015-05-01-preview",
            "location": "[parameters('location')]",
            "tags": {
                "displayName": "Consumption Reporting SqlServer"
            },
            "properties": {
                "administratorLogin": "[parameters('sqlAdministratorLogin')]",
                "administratorLoginPassword": "[parameters('sqlAdministratorLoginPassword')]",
                "version": "12.0"
            },
            "resources": [
                {
                "name": "[parameters('databaseName')]",
                "type": "databases",
                "apiVersion": "2015-05-01-preview",
                "location": "[parameters('location')]",
                "tags": {
                    "displayName": "Database"
                },
                "properties": {
                    "edition": "[variables('databaseEdition')]",
                    "collation": "[variables('databaseCollation')]",
                    "requestedServiceObjectiveName": "[variables('databaseServiceObjectiveName')]"
                },
                "dependsOn": [
                    "[parameters('sqlServerName')]"
                ]
            },
            {
                "condition": "[parameters('allowAzureIPs')]",
                "type":"firewallRules",
                "name": "AllowAllWindowsAzureIPs",
                "apiVersion": "2015-05-01-preview",
                "location": "[parameters('location')]",
                "dependsOn": [
                    "[parameters('sqlServerName')]"
                ],
                "properties":{
                    "startIpAddress":"0.0.0.0",
                    "endIpAddress":"0.0.0.0"
                }
            }
        ]
        }
    ],
    "outputs":{
    }
}