{
    "$schema": "http://schema.management.azure.com/schemas/2015-01-01/deploymentTemplate.json#",
    "contentVersion": "1.0.0.0",
    "parameters": {
        "factoryName": {
            "type": "string",
            "metadata": "Data Factory name",
            "defaultValue": "usagedetails-df"
        },
        "AzureBlobStorage1_connectionString": {
            "type": "secureString",
            "metadata": "Secure string for 'connectionString' of 'AzureBlobStorage1'"
        },
        "AzureSqlDatabase1_connectionString": {
            "type": "secureString",
            "metadata": "Secure string for 'connectionString' of 'AzureSqlDatabase1'"
        },
        "trigger1UsageDetails_properties_pipeline_usageData_end2end_parameters_startDate": {
            "type": "string",
            "defaultValue": "2019-11-10"
        },
        "trigger1UsageDetails_properties_pipeline_usageData_end2end_parameters_endDate": {
            "type": "string",
            "defaultValue": "2019-11-10"
        },
        "trigger2UsageDetails_properties_pipelineBegin_parameters_startDate1": {
            "type": "string",
            "defaultValue": "12/1/2019"
        },
        "trigger2UsageDetails_properties_pipelineBegin_parameters_endDate1": {
            "type": "string",
            "defaultValue": "12/1/2019"
        },
        "trigger2UsageDetails_properties_pipelineBegin_parameters_interval": {
            "type": "int",
            "defaultValue": 4
        },
        "HttpServer1_properties_typeProperties_url": {
            "type": "string",
            "defaultValue": "@activity('Set Blobpath').value"
        },
        "containerUri": {
            "type": "string",
            "metadata": "URI to storage account containing linked ARM templates"
        },
        "containerSasToken": {
            "type": "string",
            "metadata": "Sas token to storage account containing linked ARM templates"
        }
    },
    "variables": {
        "factoryId": "[concat('Microsoft.DataFactory/factories/', parameters('factoryName'))]"
    },
    "resources": [
        {
            "name": "ArmTemplate_0",
            "type": "Microsoft.Resources/deployments",
            "apiVersion": "2018-02-01",
            "properties": {
                "mode": "incremental",
                "templateLink": {
                    "uri": "[concat(parameters('containerUri'), '/ArmTemplate_0.json', parameters('containerSasToken'))]",
                    "contentVersion": "1.0.0.0"
                },
                "parameters": {
                    "factoryName": {
                        "value": "[parameters('factoryName')]"
                    },
                    "AzureBlobStorage1_connectionString": {
                        "value": "[parameters('AzureBlobStorage1_connectionString')]"
                    },
                    "AzureSqlDatabase1_connectionString": {
                        "value": "[parameters('AzureSqlDatabase1_connectionString')]"
                    },
                    "HttpServer1_properties_typeProperties_url": {
                        "value": "[parameters('HttpServer1_properties_typeProperties_url')]"
                    },
                    "trigger1UsageDetails_properties_pipeline_usageData_end2end_parameters_startDate": {
                        "value": "[parameters('trigger1UsageDetails_properties_pipeline_usageData_end2end_parameters_startDate')]"
                    },
                    "trigger1UsageDetails_properties_pipeline_usageData_end2end_parameters_endDate": {
                        "value": "[parameters('trigger1UsageDetails_properties_pipeline_usageData_end2end_parameters_endDate')]"
                    },
                    "trigger2UsageDetails_properties_pipelineBegin_parameters_startDate1": {
                        "value": "[parameters('trigger2UsageDetails_properties_pipelineBegin_parameters_startDate1')]"
                    },
                    "trigger2UsageDetails_properties_pipelineBegin_parameters_endDate1": {
                        "value": "[parameters('trigger2UsageDetails_properties_pipelineBegin_parameters_endDate1')]"
                    },
                    "trigger2UsageDetails_properties_pipelineBegin_parameters_interval": {
                        "value": "[parameters('trigger2UsageDetails_properties_pipelineBegin_parameters_interval')]"
                    }
                }
            },
            "dependsOn": []
        }
    ]
}